Questions,beck.admin@gmail.com,kevin.user@gmail.com,User3,User4,User5
What role do you believe you play in your family?,Eldest sibling,Middle child,Youngest sibling,Only child,Parent
What are your unique qualities?,Optimistic,Detail-oriented,Adventurous,Empathetic,Assertive
What are your personal beliefs?,Equality,Hard work,Kindness,Integrity,Perseverance
What motivates you to succeed?,Family,Success,Passion,Helping others,Independence
What values do you hold dear?,Honesty,Respect,Compassion,Responsibility,Courage
Describe your personality in one word.,Outgoing,Introverted,Optimistic,Analytical,Adventurous
What do you consider your greatest strength?,Leadership,Problem-solving,Creativity,Empathy,Determination
What are your core principles?,Integrity,Self-discipline,Gratitude,Empowerment,Humility
What is your guiding philosophy in life?,Live in the present,Always strive for improvement,Be kind to others,Stay true to yourself,Embrace challenges
Describe your leadership style.,Collaborative,Authoritative,Lead by example,Supportive,Visionary
What do you consider your greatest accomplishment?,Graduating with honors,Starting a successful business,Overcoming adversity,Helping others in need,Being a good parent
What are your long-term goals?,Career advancement,Personal development,Financial security,Traveling the world,Creating a positive impact
What are your priorities in life?,Family,Health,Work,Personal growth,Happiness
What do you consider your biggest weakness?,Perfectionism,Impatience,Procrastination,Self-doubt,Stubbornness
What is your philosophy on success?,Hard work pays off,Failure is a stepping stone to success,Success is subjective,Success is a journey not a destination,Success requires sacrifice
What are your aspirations for the future?,Making a difference,Traveling the world,Finding true love,Achieving financial independence,Personal growth
What drives you to keep going when times get tough?,Resilience,Hope,Support from loved ones,Desire to succeed,Positive mindset
What do you believe is your purpose in life?,Helping others,Creating something meaningful,Personal fulfillment,Making a difference,Self-discovery
What do you want to be remembered for?,Kindness,Generosity,Innovation,Leadership,Empathy
What legacy do you hope to leave behind?,Positive impact on others,Advancing knowledge,Creating change,Inspiring future generations,Being a role model
